<application>
  <component name="Trusted.Paths">
    <option name="TRUSTED_PROJECT_PATHS">
      <map>
        <entry key="$USER_HOME$/Downloads/WebEngine" value="true" />
        <entry key="$USER_HOME$/PhpstormProjects/untitled" value="true" />
        <entry key="$USER_HOME$/code/app" value="true" />
        <entry key="$USER_HOME$/code/cashify" value="true" />
        <entry key="$USER_HOME$/code/cashify/app" value="true" />
        <entry key="$USER_HOME$/code/cashify/cashify" value="true" />
        <entry key="$USER_HOME$/code/cashify/filament-demo" value="true" />
        <entry key="$USER_HOME$/code/example" value="true" />
        <entry key="$USER_HOME$/code/filament-essentials" value="true" />
        <entry key="$USER_HOME$/code/free-mu-cms-v.1.2.5.9.5" value="true" />
        <entry key="$USER_HOME$/code/laracasts/jobs-board" value="true" />
        <entry key="$USER_HOME$/code/laracasts/kata" value="true" />
        <entry key="$USER_HOME$/code/laracasts/laravel-app" value="true" />
        <entry key="$USER_HOME$/code/laracasts/notes-app" value="true" />
        <entry key="$USER_HOME$/code/laracasts/pixel-positions" value="true" />
        <entry key="$USER_HOME$/code/laravel-app" value="true" />
        <entry key="$USER_HOME$/code/livewire-essentials" value="true" />
        <entry key="$USER_HOME$/code/livewire-playground" value="true" />
        <entry key="$USER_HOME$/code/livewire/livewire-basics" value="true" />
        <entry key="$USER_HOME$/code/lotusmu.org" value="true" />
        <entry key="$USER_HOME$/code/maryui" value="true" />
        <entry key="$USER_HOME$/code/mumayhem.org" value="true" />
        <entry key="$USER_HOME$/code/pingcrm" value="true" />
        <entry key="$USER_HOME$/code/sendnotes-tall" value="true" />
        <entry key="$USER_HOME$/code/zenith" value="true" />
        <entry key="/media/void/444C49112C824AAF/Работилничка/Lotus Mu/theme-files" value="true" />
        <entry key="/media/void/444C49112C824AAF/Работилничка/Lotus Mu/website" value="true" />
        <entry key="/media/void/444C49112C824AAF/Работилничка/Lotus Mu/wiki" value="true" />
        <entry key="/tmp/fz3temp-2" value="true" />
      </map>
    </option>
  </component>
  <component name="Trusted.Paths.Settings">
    <option name="TRUSTED_PATHS">
      <list>
        <option value="$USER_HOME$/code" />
      </list>
    </option>
  </component>
</application>