<application>
  <component name="DimensionService">
    <location key="find.popup.320.0.1920.1080" x="1191" y="207" />
    <location key="find.popup.0.1080.2560.1440" x="1175" y="1369" />
    <size key="find.popup.320.0.1920.1080" width="675" height="650" />
    <size key="find.popup.0.1080.2560.1440" width="675" height="650" />
    <size key="GridCell.Tab.0.left.0.1080.2560.1440" width="2546" height="409" />
    <size key="GridCell.Tab.0.center.0.1080.2560.1440" width="2546" height="409" />
    <size key="GridCell.Tab.0.right.0.1080.2560.1440" width="2546" height="409" />
    <size key="GridCell.Tab.0.bottom.0.1080.2560.1440" width="2546" height="409" />
    <size key="GridCell.Tab.0.left.320.0.1920.1080" width="1908" height="293" />
    <size key="GridCell.Tab.0.center.320.0.1920.1080" width="1908" height="293" />
    <size key="GridCell.Tab.0.right.320.0.1920.1080" width="1908" height="293" />
    <size key="GridCell.Tab.0.bottom.320.0.1920.1080" width="1908" height="293" />
    <size key="GridCell.Tab.1.left.320.0.1920.1080" width="1908" height="293" />
    <size key="GridCell.Tab.1.center.320.0.1920.1080" width="1908" height="293" />
    <size key="GridCell.Tab.1.right.320.0.1920.1080" width="1908" height="293" />
    <size key="GridCell.Tab.1.bottom.320.0.1920.1080" width="1908" height="293" />
    <size key="GridCell.Tab.1.left.0.1080.2560.1440" width="2546" height="410" />
    <size key="GridCell.Tab.1.center.0.1080.2560.1440" width="2546" height="410" />
    <size key="GridCell.Tab.1.right.0.1080.2560.1440" width="2546" height="410" />
    <size key="GridCell.Tab.1.bottom.0.1080.2560.1440" width="2546" height="410" />
  </component>
  <component name="WindowManager">
    <frame x="326" y="24" width="1908" height="1050" />
  </component>
  <component name="WindowStateApplicationService">
    <state width="736" height="379" key="ShowUsagesActions.dimensionServiceKey" timestamp="1724008530869">
      <screen x="0" y="1080" width="2560" height="1440" />
    </state>
    <state width="736" height="379" key="ShowUsagesActions.dimensionServiceKey/0.1080.2560.1440/320.0.1920.1080" timestamp="1724008530869" />
    <state x="1280" y="1809" width="2548" height="1410" key="WELCOME_SCREEN" timestamp="1723113791062">
      <screen x="0" y="1080" width="2560" height="1440" />
    </state>
    <state x="1280" y="1809" width="2548" height="1410" key="WELCOME_SCREEN/0.1080.2560.1440/320.0.1920.1080" timestamp="1723113791062" />
  </component>
</application>