<code_scheme name="Default" version="173">
  <Markdown>
    <option name="WRAP_TEXT_IF_LONG" value="false" />
    <option name="WRAP_TEXT_INSIDE_BLOCKQUOTES" value="false" />
  </Markdown>
  <PHPCodeStyleSettings>
    <option name="CONCAT_SPACES" value="false" />
    <option name="PHPDOC_PARAM_SPACES_BETWEEN_TAG_AND_TYPE" value="2" />
    <option name="PHPDOC_PARAM_SPACES_BETWEEN_TYPE_AND_NAME" value="2" />
    <option name="PHPDOC_PARAM_SPACES_BETWEEN_NAME_AND_DESCRIPTION" value="2" />
    <option name="LOWER_CASE_BOOLEAN_CONST" value="true" />
    <option name="LOWER_CASE_NULL_CONST" value="true" />
    <option name="ELSE_IF_STYLE" value="COMBINE" />
    <option name="KEEP_RPAREN_AND_LBRACE_ON_ONE_LINE" value="true" />
  </PHPCodeStyleSettings>
  <codeStyleSettings language="PHP">
    <option name="BLANK_LINES_AFTER_PACKAGE" value="1" />
    <option name="ALIGN_MULTILINE_PARAMETERS" value="false" />
    <option name="SPACE_AFTER_TYPE_CAST" value="true" />
    <option name="CALL_PARAMETERS_WRAP" value="1" />
    <option name="METHOD_PARAMETERS_WRAP" value="5" />
    <option name="METHOD_PARAMETERS_LPAREN_ON_NEXT_LINE" value="true" />
    <option name="METHOD_PARAMETERS_RPAREN_ON_NEXT_LINE" value="true" />
    <option name="ARRAY_INITIALIZER_WRAP" value="1" />
    <option name="ARRAY_INITIALIZER_LBRACE_ON_NEXT_LINE" value="true" />
    <option name="ARRAY_INITIALIZER_RBRACE_ON_NEXT_LINE" value="true" />
    <option name="IF_BRACE_FORCE" value="3" />
    <option name="DOWHILE_BRACE_FORCE" value="3" />
    <option name="WHILE_BRACE_FORCE" value="3" />
    <option name="FOR_BRACE_FORCE" value="3" />
  </codeStyleSettings>
</code_scheme>