<application>
  <component name="ProjectManager">
    <defaultProject>
      <component name="ComposerSettings">
        <execution />
      </component>
      <component name="ProjectViewState">
        <option name="autoscrollFromSource" value="true" />
        <option name="autoscrollToSource" value="true" />
        <option name="hideEmptyMiddlePackages" value="true" />
        <option name="openDirectoriesWithSingleClick" value="true" />
        <option name="showLibraryContents" value="true" />
        <option name="showScratchesAndConsoles" value="false" />
      </component>
      <component name="PropertiesComponent"><![CDATA[{}]]></component>
      <component name="WindowStateProjectService">
        <state x="1069" y="309" width="426" height="484" key="FileChooserDialogImpl" timestamp="1713188973136">
          <screen x="320" y="0" width="1920" height="1080" />
        </state>
        <state x="1069" y="309" width="426" height="484" key="FileChooserDialogImpl/0.1080.2560.1440/320.0.1920.1080" timestamp="1713188973136" />
      </component>
    </defaultProject>
  </component>
</application>